state,district,bio_dropoff_ratio,child_total_enrol,bio_age_5_17
West Bengal,South Dinajpur,0.0,111.5,58.0
West Bengal,South 24 Parganas,0.0,8309.5,9079.5
West Bengal,South 24 Pargana,0.0,1.0,0.5
West Bengal,Puruliya,0.0,3271.5,4071.0
West Bengal,Purulia,0.0,195.5,124.25
West Bengal,Purba Medinipur,0.0,3566.0,6093.5
West Bengal,Purba Bardhaman,0.0,582.6,598.2
West Bengal,Paschim Medinipur,0.0,4483.75,7807.25
West Bengal,Paschim Bardhaman,0.0,295.75,431.0
West Bengal,North Twenty Four Parganas,0.0,406.25,297.25
West Bengal,North Dinajpur,0.0,85.5,30.5
West Bengal,North 24 Parganas,0.0,4543.0,9340.666666666666
West Bengal,Nadia,0.0,2109.125,5756.0
West Bengal,Murshidabad,0.0,8956.25,9111.75
West Bengal,Medinipur West,0.0,312.5,0.0
West Bengal,Medinipur,0.0,7.25,6.0
Andhra Pradesh,Chittoor,0.0,2039.0,14748.25
Andhra Pradesh,Bapatla,0.0,119.0,516.0
Andhra Pradesh,Annamayya,0.0,229.0,553.5
Andhra Pradesh,Ananthapuramu,0.0,794.25,5057.0
Andhra Pradesh,Ananthapur,0.0,498.5,3612.5
Andhra Pradesh,Anantapur,0.0,1103.75,3691.5
Andhra Pradesh,Anakapalli,0.0,133.75,342.0
Andhra Pradesh,Alluri Sitharama Raju,0.0,305.25,854.0
Andhra Pradesh,Adilabad,0.0,354.5,1603.5
Andaman And Nicobar Islands,South Andaman,0.0,47.5,769.5
Andaman And Nicobar Islands,North And Middle Andaman,0.0,33.0,443.0
Andaman And Nicobar Islands,Nicobar,0.0,18.75,118.25
Andaman & Nicobar Islands,South Andaman,0.0,9.5,15.25
Andaman & Nicobar Islands,Nicobars,0.0,1.0,1.0
Andaman & Nicobar Islands,Andamans,0.0,18.75,64.25
West Bengal,South Twenty Four Parganas,0.0,1025.75,550.25
Andhra Pradesh,Tirupati,0.0,372.75,606.0
Andhra Pradesh,Srikakulam,0.0,1073.0,8842.5
Andhra Pradesh,Sri Sathya Sai,0.0,229.75,493.5
Andhra Pradesh,Sri Potti Sriramulu Nellore,0.0,327.75,766.75
Andhra Pradesh,Spsr Nellore,0.0,626.6666666666666,0.0
Andhra Pradesh,Rangareddi,0.0,471.0,1711.25
Andhra Pradesh,Prakasam,0.0,1512.4,9648.6
Andhra Pradesh,Parvathipuram Manyam,0.0,125.0,351.75
Andhra Pradesh,Palnadu,0.0,208.75,520.25
Andhra Pradesh,Nizamabad,0.0,131.0,520.25
Andhra Pradesh,Nellore,0.0,1341.25,8001.5
Andhra Pradesh,Nandyal,0.0,224.75,682.25
Andhra Pradesh,Nalgonda,0.0,291.75,818.5
Andhra Pradesh,N. T. R,0.0,221.75,645.0
Andhra Pradesh,Medak,0.0,351.25,951.75
Andhra Pradesh,Mahbubnagar,0.0,180.5,416.5
Arunachal Pradesh,Lohit,0.0,41.25,275.5
Arunachal Pradesh,Leparada,0.0,0.6666666666666666,6.666666666666667
Arunachal Pradesh,Kurung Kumey,0.0,15.75,176.25
Arunachal Pradesh,Kra Daadi,0.0,19.25,57.25
Arunachal Pradesh,Kamle,0.0,7.0,4.75
Arunachal Pradesh,East Siang,0.0,41.5,366.25
Arunachal Pradesh,East Kameng,0.0,41.75,359.75
Arunachal Pradesh,Dibang Valley,0.0,2.5,54.75
Arunachal Pradesh,Changlang,0.0,197.5,792.0
Arunachal Pradesh,Anjaw,0.0,8.5,88.25
Andhra Pradesh,Y. S. R,0.0,197.5,546.75
Andhra Pradesh,West Godavari,0.0,1477.75,11942.75
Andhra Pradesh,Warangal,0.0,264.75,1727.75
Andhra Pradesh,Vizianagaram,0.0,963.25,8063.75
Andhra Pradesh,Visakhapatnam,0.0,2037.0,14735.25
Andhra Pradesh,Visakhapatanam,0.0,214.0,0.0
Assam,Bajali,0.0,6.75,1.5
Arunachal Pradesh,West Siang,0.0,47.5,528.5
Arunachal Pradesh,West Kameng,0.0,52.0,385.4
Arunachal Pradesh,Upper Subansiri,0.0,32.75,271.25
Arunachal Pradesh,Upper Siang,0.0,10.5,212.0
Arunachal Pradesh,Tirap,0.0,24.5,226.0
Arunachal Pradesh,Tawang,0.0,36.75,316.5
Arunachal Pradesh,Siang,0.0,24.75,119.5
Arunachal Pradesh,Shi-Yomi,0.0,7.5,30.5
Arunachal Pradesh,Papum Pare,0.0,110.5,606.25
Arunachal Pradesh,Pakke Kessang,0.0,1.0,5.333333333333333
Arunachal Pradesh,Namsai,0.0,37.25,448.25
Arunachal Pradesh,Lower Subansiri,0.0,26.25,169.25
Arunachal Pradesh,Lower Siang,0.0,7.0,80.25
Arunachal Pradesh,Lower Dibang Valley,0.0,26.75,207.25
Arunachal Pradesh,Longding,0.0,172.0,172.8
Assam,Hojai,0.0,861.875,1783.25
Assam,Hailakandi,0.0,877.8333333333334,1810.1666666666667
Assam,Golaghat,0.0,1198.0,1458.125
Assam,Goalpara,0.0,1137.625,2038.25
Assam,Dima Hasao,0.0,37.0,1.8333333333333333
Assam,Dibrugarh,0.0,618.8888888888889,1663.3333333333333
Assam,Dhubri,0.0,1535.125,4707.25
Assam,Dhemaji,0.0,634.4444444444445,1388.2222222222222
Assam,Darrang,0.0,788.0,1947.125
Assam,Chirang,0.0,440.57142857142856,1989.857142857143
Assam,Charaideo,0.0,165.83333333333334,642.0
Assam,Cachar,0.0,2283.8571428571427,5150.142857142857
Assam,Bongaigaon,0.0,327.77777777777777,2737.0
Assam,Biswanath,0.0,250.6,814.4
Assam,Barpeta,0.0,1539.0,7376.888888888889
Assam,Baksa,0.0,366.55555555555554,1289.111111111111
Assam,South Salmara Mankachar,0.0,285.2,383.0
Assam,Sonitpur,0.0,913.7777777777778,1939.3333333333333
Assam,Sivasagar,0.0,158.5,0.0
Assam,Sibsagar,0.0,345.8333333333333,916.5
Assam,North Cachar Hills,0.0,153.5,379.3333333333333
Assam,Nalbari,0.0,614.3333333333334,1891.5
Assam,Nagaon,0.0,1560.0,5112.875
Assam,Marigaon,0.0,1073.6666666666667,2151.222222222222
Assam,Majuli,0.0,100.8,184.6
Assam,Lakhimpur,0.0,727.8888888888889,1909.888888888889
Assam,Kokrajhar,0.0,454.55555555555554,2033.3333333333333
Assam,Karimganj,0.0,1779.875,2908.625
Assam,Karbi Anglong,0.0,1170.8333333333333,3513.8333333333335
Assam,Kamrup Metro,0.0,588.625,1581.0
Assam,Kamrup,0.0,1409.0,3339.5555555555557
Assam,Jorhat,0.0,503.375,1229.625
Bihar,Darbhanga,0.0,3138.8,7599.6
Bihar,Buxar,0.0,1794.0,2036.0
Bihar,Bhojpur,0.0,2650.2,3761.6
Bihar,Bhagalpur,0.0,2298.3333333333335,8045.444444444444
Bihar,Bhabua,0.0,7.75,1.0
Bihar,Begusarai,0.0,2630.2,5803.8
Bihar,Banka,0.0,1832.5,4016.5
Bihar,Aurangabad(Bh),0.0,28.25,8.75
Bihar,Aurangabad,0.0,2524.25,3978.0
Bihar,Arwal,0.0,638.6666666666666,1147.3333333333333
Bihar,Araria,0.0,2575.6666666666665,5604.0
Assam,West Karbi Anglong,0.0,172.125,126.0
Assam,Udalguri,0.0,568.5714285714286,1620.2857142857142
Assam,Tinsukia,0.0,843.875,1357.625
Assam,Tamulpur District,0.0,13.75,4.25
Assam,Sribhumi,0.0,39.5,10.5
Bihar,Nalanda,0.0,2406.5,4855.0
Bihar,Muzaffarpur,0.0,3132.222222222222,10341.666666666666
Bihar,Munger,0.0,854.1428571428571,2267.1428571428573
Bihar,Monghyr,0.0,12.25,1.25
Bihar,Madhubani,0.0,2792.4444444444443,12279.333333333334
Bihar,Madhepura,0.0,2247.0,3901.5
Bihar,Lakhisarai,0.0,1014.5,2012.6666666666667
Bihar,Kishanganj,0.0,2184.75,5941.75
Bihar,Khagaria,0.0,2031.75,3302.25
Bihar,Katihar,0.0,2705.8333333333335,8438.166666666666
Bihar,Kaimur (Bhabua),0.0,967.5,3883.875
Bihar,Jehanabad,0.0,790.3333333333334,1604.5
Bihar,Jamui,0.0,1460.2857142857142,5109.714285714285
Bihar,Gopalganj,0.0,2136.0,4530.285714285715
Bihar,Gaya,0.0,3370.75,8676.5
Bihar,East Champaran,0.0,4753.0,10229.0
Bihar,Sitamarhi,0.0,4392.777777777777,9436.111111111111
Bihar,Sheohar,0.0,812.75,1104.25
Bihar,Sheikpura,0.0,7.25,1.25
Bihar,Sheikhpura,0.0,794.5,1786.5
Bihar,Saran,0.0,3428.4285714285716,6693.857142857143
Bihar,Samstipur,0.0,20.5,3.25
Bihar,Samastipur,0.0,3815.2,7406.8
Bihar,Saharsa,0.0,1836.857142857143,4008.8571428571427
Bihar,Rohtas,0.0,1965.25,4302.5
Bihar,Purnia,0.0,2845.1428571428573,11569.57142857143
Bihar,Purnea,0.0,64.25,65.75
Bihar,Purbi Champaran,0.0,4690.333333333333,0.0
Bihar,Purba Champaran,0.0,31.75,6.75
Bihar,Patna,0.0,2655.1111111111113,10369.111111111111
Bihar,Pashchim Champaran,0.0,2256.714285714286,4.142857142857143
Bihar,Nawada,0.0,3024.4,3089.0
Chhattisgarh,Dhamtari,0.0,491.25,4704.75
Chhattisgarh,Dantewada,0.0,177.5,748.75
Chhattisgarh,Dakshin Bastar Dantewada,0.0,300.0,1098.75
Chhattisgarh,Bilaspur,0.0,1784.4,10468.0
Chhattisgarh,Bijapur,0.0,595.7777777777778,1195.2222222222222
Chhattisgarh,Bemetara,0.0,690.0,5739.5
Chhattisgarh,Bastar,0.0,1650.5,4580.25
Chhattisgarh,Balrampur,0.0,1224.2,3129.6
Chhattisgarh,Baloda Bazar,0.0,982.2,7818.4
Chhattisgarh,Balod,0.0,418.5,4376.25
Chandigarh,Rupnagar,0.0,1.5,0.5
Chandigarh,Chandigarh,0.0,536.8,2533.6
Bihar,West Champaran,0.0,4942.5,8061.666666666667
Bihar,Vaishali,0.0,3591.0,7516.6
Bihar,Supaul,0.0,2563.5,3824.25
Bihar,Siwan,0.0,2167.714285714286,5427.428571428572
Chhattisgarh,Mahasamund,0.0,834.0,4707.25
Chhattisgarh,Koriya,0.0,440.5,2839.5
Chhattisgarh,Korba,0.0,882.25,3605.75
Chhattisgarh,Kondagaon,0.0,757.25,3016.25
Chhattisgarh,Khairagarh Chhuikhadan Gandai,0.0,61.5,11.0
Chhattisgarh,Kawardha,0.0,535.25,4251.0
Chhattisgarh,Kanker,0.0,425.75,3453.25
Chhattisgarh,Kabeerdham,0.0,238.0,3071.25
Chhattisgarh,Jashpur,0.0,635.25,5434.5
Chhattisgarh,Janjgir-Champa,0.0,1159.5,8147.75
Chhattisgarh,Janjgir Champa,0.0,6.25,5.25
Chhattisgarh,Janjgir - Champa,0.0,8.25,1.25
Chhattisgarh,Gaurella Pendra Marwahi,0.0,456.5,0.0
Chhattisgarh,Gaurela-Pendra-Marwahi,0.0,33.75,103.5
Chhattisgarh,Gariyaband,0.0,384.0,3052.75
Chhattisgarh,Durg,0.0,674.6666666666666,11032.166666666666
Dadra And Nagar Haveli,Dadra And Nagar Haveli,0.0,185.0,1252.5
Dadra & Nagar Haveli,Dadra & Nagar Haveli,0.0,6.25,11.75
Chhattisgarh,Uttar Bastar Kanker,0.0,220.0,1234.25
Chhattisgarh,Surguja,0.0,886.25,5319.0
Chhattisgarh,Surajpur,0.0,742.5,4411.75
Chhattisgarh,Sukma,0.0,294.2857142857143,1740.0
Chhattisgarh,Sarangarh-Bilaigarh,0.0,45.75,28.25
Chhattisgarh,Sakti,0.0,113.25,59.5
Chhattisgarh,Rajnandgaon,0.0,1040.5,8825.0
Chhattisgarh,Raipur,0.0,1164.0,7300.833333333333
Chhattisgarh,Raigarh,0.0,983.8,5714.2
Chhattisgarh,Narayanpur,0.0,188.5,1052.75
Chhattisgarh,Mungeli,0.0,738.75,4908.5
Chhattisgarh,Mohla-Manpur-Ambagarh Chouki,0.0,63.75,86.75
Chhattisgarh,Mohalla-Manpur-Ambagarh Chowki,0.0,4.666666666666667,12.0
Chhattisgarh,Manendragarh–Chirmiri–Bharatpur,0.0,73.5,11.5
Delhi,North West Delhi,0.0,1743.111111111111,14841.666666666666
Delhi,North East Delhi,0.0,2008.0,6982.0
Delhi,North East   *,0.0,2.0,0.0
Delhi,North East,0.0,434.0,183.5
Delhi,North Delhi,0.0,729.6666666666666,2386.6666666666665
Delhi,New Delhi,0.0,236.66666666666666,223.66666666666666
Delhi,Najafgarh,0.0,7.5,3.5
Delhi,East Delhi,0.0,1314.125,6115.875
Delhi,Central Delhi,0.0,469.25,2673.625
Daman And Diu,Diu,0.0,15.5,188.75
Daman And Diu,Daman,0.0,14.5,252.75
Daman & Diu,Diu,0.0,3.0,22.5
Daman & Diu,Daman,0.0,2.25,29.25
Dadra And Nagar Haveli And Daman And Diu,Diu,0.0,6.0,4.333333333333333
Dadra And Nagar Haveli And Daman And Diu,Daman,0.0,13.5,7.75
Dadra And Nagar Haveli And Daman And Diu,Dadra And Nagar Haveli,0.0,20.0,27.25
Gujarat,Bharuch,0.0,708.8333333333334,3850.8333333333335
Gujarat,Banaskantha,0.0,2620.8333333333335,6676.5
Gujarat,Banas Kantha,0.0,1816.5714285714287,8.428571428571429
Gujarat,Arvalli,0.0,379.0,2017.6666666666667
Gujarat,Anand,0.0,805.5,5658.5
Gujarat,Amreli,0.0,674.5,3238.0
Gujarat,Ahmedabad,0.0,2646.1428571428573,17770.0
Gujarat,Ahmadabad,0.0,1071.1666666666667,105.0
Goa,South Goa,0.0,228.25,1681.75
Goa,North Goa,0.0,251.0,2101.4
Goa,Bardez,0.0,1.0,2.0
Delhi,West Delhi,0.0,2045.0,7907.111111111111
Delhi,South West Delhi,0.0,1112.0,7239.625
Delhi,South East Delhi,0.0,13.75,10.5
Delhi,South Delhi,0.0,1614.75,10660.5
Delhi,Shahdara,0.0,233.71428571428572,297.85714285714283
Gujarat,Morbi,0.0,816.7777777777778,2382.222222222222
Gujarat,Mahisagar,0.0,347.57142857142856,1981.2857142857142
Gujarat,Mahesana,0.0,885.2857142857143,4410.142857142857
Gujarat,Kheda,0.0,1007.1428571428571,4958.0
Gujarat,Kachchh,0.0,975.6666666666666,7485.555555555556
Gujarat,Junagadh,0.0,1088.8,3033.8
Gujarat,Jamnagar,0.0,828.1428571428571,4259.285714285715
Gujarat,Gir Somnath,0.0,764.2857142857143,2621.1428571428573
Gujarat,Gandhinagar,0.0,614.0,3676.625
Gujarat,Dohad,0.0,1761.857142857143,206.71428571428572
Gujarat,Devbhumi Dwarka,0.0,323.85714285714283,1920.4285714285713
Gujarat,Dang,0.0,355.0,0.0
Gujarat,Dahod,0.0,1538.6666666666667,5505.0
Gujarat,Chhotaudepur,0.0,439.75,2131.5
Gujarat,Botad,0.0,396.57142857142856,1091.2857142857142
Gujarat,Bhavnagar,0.0,1389.857142857143,6830.857142857143
Gujarat,Valsad,0.0,1032.0,4307.428571428572
Gujarat,Vadodara,0.0,1304.3333333333333,8079.888888888889
Gujarat,The Dangs,0.0,209.0,1269.1666666666667
Gujarat,Tapi,0.0,412.2,1761.2
Gujarat,Surendranagar,0.0,272.8,9.2
Gujarat,Surendra Nagar,0.0,1086.3333333333333,4010.1666666666665
Gujarat,Surat,0.0,3544.4285714285716,15456.857142857143
Gujarat,Sabarkantha,0.0,796.0,3392.1666666666665
Gujarat,Sabar Kantha,0.0,456.0,11.8
Gujarat,Rajkot,0.0,2018.875,8804.5
Gujarat,Porbandar,0.0,334.0,1428.0
Gujarat,Patan,0.0,916.7777777777778,3903.8888888888887
Gujarat,Panchmahals,0.0,991.6666666666666,3882.1666666666665
Gujarat,Panch Mahals,0.0,260.4,4.4
Gujarat,Navsari,0.0,379.14285714285717,2693.5714285714284
Gujarat,Narmada,0.0,312.75,980.5
Haryana,Mewat,0.0,1507.8,5168.0
Haryana,Mahendragarh,0.0,682.5,2558.25
Haryana,Kurukshetra,0.0,478.6,2214.2
Haryana,Karnal,0.0,1010.0,3486.25
Haryana,Kaithal,0.0,595.8,3083.0
Haryana,Jind,0.0,955.25,3764.25
Haryana,Jhajjar *,0.0,1.0,0.0
Haryana,Jhajjar,0.0,653.5,2603.5
Haryana,Hisar,0.0,1043.2,5042.8
Haryana,Gurugram,0.0,809.6666666666666,0.0
Haryana,Gurgaon,0.0,1110.6666666666667,3972.8333333333335
Haryana,Fatehabad,0.0,650.5,2912.5
Haryana,Faridabad,0.0,1759.111111111111,6552.888888888889
Haryana,Charkhi Dadri,0.0,214.5,334.25
Haryana,Bhiwani,0.0,868.25,3740.25
Haryana,Ambala,0.0,637.0,2375.6
Himachal Pradesh,Kullu,0.0,226.6,1400.0
Himachal Pradesh,Kinnaur,0.0,39.5,311.5
Himachal Pradesh,Kangra,0.0,986.0,6464.0
Himachal Pradesh,Hamirpur,0.0,299.25,1573.5
Himachal Pradesh,Chamba,0.0,412.5,2487.5
Himachal Pradesh,Bilaspur,0.0,249.75,1352.25
Haryana,Yamunanagar,0.0,14.75,21.0
Haryana,Yamuna Nagar,0.0,847.0,3552.0
Haryana,Sonipat,0.0,916.4,3502.0
Haryana,Sirsa,0.0,833.25,4050.0
Haryana,Rohtak,0.0,670.4,2576.0
Haryana,Rewari,0.0,619.75,2644.25
Haryana,Panipat,0.0,1006.8333333333334,3531.6666666666665
Haryana,Panchkula,0.0,344.75,1663.75
Haryana,Palwal,0.0,1174.75,3832.25
Haryana,Nuh,0.0,1464.0,0.0
Jammu & Kashmir,Kathua,0.0,2.6666666666666665,6.333333333333333
Jammu & Kashmir,Kargil,0.0,1.3333333333333333,0.0
Jammu & Kashmir,Jammu,0.0,15.5,8.25
Jammu & Kashmir,Doda,0.0,2.0,0.0
Jammu & Kashmir,Baramula,0.0,11.75,7.0
Jammu & Kashmir,Bandipur,0.0,1.0,0.0
Jammu & Kashmir,Badgam,0.0,2.0,3.0
Jammu & Kashmir,Anantnag,0.0,2.0,1.0
Himachal Pradesh,Una,0.0,311.75,2039.75
Himachal Pradesh,Solan,0.0,292.5,2126.5
Himachal Pradesh,Sirmaur,0.0,394.25,1450.0
Himachal Pradesh,Shimla,0.0,412.25,2866.75
Himachal Pradesh,Mandi,0.0,625.75,3736.5
Himachal Pradesh,Lahul And Spiti,0.0,8.0,109.75
Himachal Pradesh,Lahul & Spiti,0.0,9.5,23.75
Himachal Pradesh,Lahaul And Spiti,0.0,1.5,4.5
Jammu And Kashmir,Kargil,0.0,131.25,310.75
Jammu And Kashmir,Jammu,0.0,904.4,5966.2
Jammu And Kashmir,Ganderbal,0.0,208.0,1049.25
Jammu And Kashmir,Doda,0.0,894.0,2379.2
Jammu And Kashmir,Budgam,0.0,211.0,2100.25
Jammu And Kashmir,Baramula,0.0,736.6,3492.2
Jammu And Kashmir,Bandipore,0.0,399.0,1263.5
Jammu And Kashmir,Badgam,0.0,466.0,530.25
Jammu And Kashmir,Anantnag,0.0,828.75,3785.0
Jammu & Kashmir,Udhampur,0.0,1.0,0.0
Jammu & Kashmir,Srinagar,0.0,1.0,1.0
Jammu & Kashmir,Rajauri,0.0,1.0,0.0
Jammu & Kashmir,Punch,0.0,1.0,0.0
Jammu & Kashmir,Pulwama,0.0,1.3333333333333333,0.3333333333333333
Jammu & Kashmir,Leh (Ladakh),0.0,1.5,2.0
Jammu & Kashmir,Kupwara,0.0,3.0,0.0
Jharkhand,Bokaro,0.0,1445.75,4202.75
Jammu And Kashmir,Udhampur,0.0,698.75,2126.25
Jammu And Kashmir,Srinagar,0.0,780.25,5525.5
Jammu And Kashmir,Shupiyan,0.0,166.25,1168.25
Jammu And Kashmir,Shopian,0.0,392.0,0.0
Jammu And Kashmir,Samba,0.0,144.75,1009.25
Jammu And Kashmir,Reasi,0.0,426.5,1197.5
Jammu And Kashmir,Ramban,0.0,478.5,3631.75
Jammu And Kashmir,Rajouri,0.0,666.25,4335.0
Jammu And Kashmir,Punch,0.0,522.4,3454.0
Jammu And Kashmir,Pulwama,0.0,464.0,3695.25
Jammu And Kashmir,Leh,0.0,51.25,275.75
Jammu And Kashmir,Kupwara,0.0,708.75,2615.5
Jammu And Kashmir,Kulgam,0.0,300.5,1582.5
Jammu And Kashmir,Kishtwar,0.0,315.75,867.0
Jammu And Kashmir,Kathua,0.0,736.25,2754.25
Jharkhand,Khunti,0.0,433.1666666666667,1474.1666666666667
Jharkhand,Jamtara,0.0,1108.5,1391.75
Jharkhand,Hazaribagh,0.0,1234.6,3894.0
Jharkhand,Hazaribag,0.0,141.5,123.0
Jharkhand,Gumla,0.0,1101.1666666666667,3206.6666666666665
Jharkhand,Godda,0.0,1074.6,5026.8
Jharkhand,Giridih,0.0,2844.2,4567.4
Jharkhand,Garhwa *,0.0,95.25,39.25
Jharkhand,Garhwa,0.0,1514.5,3229.75
Jharkhand,East Singhbum,0.0,1394.0,0.0
Jharkhand,East Singhbhum,0.0,1348.6666666666667,5939.833333333333
Jharkhand,Dumka,0.0,819.8571428571429,3510.5714285714284
Jharkhand,Dhanbad,0.0,2187.8,4530.6
Jharkhand,Deoghar,0.0,1366.1666666666667,3836.8333333333335
Jharkhand,Chatra,0.0,1044.5,3240.5
Jharkhand,Bokaro *,0.0,1.0,0.0
Jharkhand,Simdega,0.0,516.5,1424.75
Jharkhand,Seraikela-Kharsawan,0.0,1055.0,2487.5
Jharkhand,Sahibganj,0.0,91.25,93.25
Jharkhand,Sahebganj,0.0,1576.5,2917.75
Jharkhand,Ranchi,0.0,1990.142857142857,6297.714285714285
Jharkhand,Ramgarh,0.0,742.0,1365.5
Jharkhand,Purbi Singhbhum,0.0,246.5,189.75
Jharkhand,Pashchimi Singhbhum,0.0,149.5,208.5
Jharkhand,Palamu,0.0,2135.5,4741.25
Jharkhand,Palamau,0.0,71.5,53.5
Jharkhand,Pakur,0.0,982.7142857142857,1941.857142857143
Jharkhand,Pakaur,0.0,74.25,57.5
Jharkhand,Lohardaga,0.0,483.8333333333333,1418.6666666666667
Jharkhand,Latehar,0.0,649.5,1662.0
Jharkhand,Koderma,0.0,802.5,1393.5
Jharkhand,Kodarma,0.0,77.5,94.0
Karnataka,Bijapur(Kar),0.0,1.5,1.5
Karnataka,Bijapur,0.0,1056.5,1975.5
Karnataka,Bidar,0.0,971.2,4592.8
Karnataka,Bengaluru Urban,0.0,6426.0,0.0
Karnataka,Bengaluru South,0.0,49.5,5.75
Karnataka,Bengaluru Rural,0.0,542.25,0.5
Karnataka,Bengaluru,0.0,4528.833333333333,16127.0
Karnataka,Bellary,0.0,1054.75,2472.5
Karnataka,Belgaum,0.0,1685.25,4230.75
Karnataka,Belagavi,0.0,1921.25,5593.75
Karnataka,Bangalore Rural,0.0,503.6,2073.4
Karnataka,Bangalore,0.0,1753.0,4655.25
Karnataka,Ballari,0.0,679.25,2287.75
Karnataka,Bagalkot *,0.0,62.25,60.5
Karnataka,Bagalkot,0.0,1764.5,3459.5
Jharkhand,West Singhbhum,0.0,1360.0,3893.2
Karnataka,Gulbarga,0.0,1088.25,2110.5
Karnataka,Gadag *,0.0,36.25,39.0
Karnataka,Gadag,0.0,1109.25,1740.25
Karnataka,Dharwad,0.0,1271.0,3322.0
Karnataka,Davangere,0.0,1192.0,3135.0
Karnataka,Davanagere,0.0,120.75,81.0
Karnataka,Dakshina Kannada,0.0,1606.5,3901.5
Karnataka,Chitradurga,0.0,1092.0,2740.25
Karnataka,Chikmagalur,0.0,38.5,23.0
Karnataka,Chikkamagaluru,0.0,278.25,826.0
Karnataka,Chikkaballapur,0.0,784.5,1868.5
Karnataka,Chickmagalur,0.0,307.75,572.5
Karnataka,Chamrajnagar,0.0,95.0,101.75
Karnataka,Chamrajanagar,0.0,551.0,1904.5
Karnataka,Chamarajanagar *,0.0,5.75,4.0
Karnataka,Chamarajanagar,0.0,62.25,70.75
Karnataka,Shivamogga,0.0,546.5,1985.25
Karnataka,Shimoga,0.0,565.0,682.5
Karnataka,Ramanagara,0.0,192.0,0.0
Karnataka,Ramanagar,0.0,734.5,1905.0
Karnataka,Raichur,0.0,1935.0,5837.4
Karnataka,Mysuru,0.0,685.5,3643.8333333333335
Karnataka,Mysore,0.0,767.75,1994.5
Karnataka,Mandya,0.0,887.75,2848.75
Karnataka,Koppal,0.0,1350.5,2590.25
Karnataka,Kolar,0.0,1038.75,2983.75
Karnataka,Kodagu,0.0,292.5,599.0
Karnataka,Kalaburagi,0.0,939.6,4452.4
Karnataka,Haveri *,0.0,29.25,37.75
Karnataka,Haveri,0.0,1045.75,2392.75
Karnataka,Hassan,0.0,618.75,2291.75
Karnataka,Hasan,0.0,248.25,251.5
Kerala,Kottayam,0.0,817.25,2827.5
Kerala,Kollam,0.0,971.2,5215.8
Kerala,Kasargod,0.0,78.75,37.5
Kerala,Kasaragod,0.0,873.25,2501.75
Kerala,Kannur,0.0,1147.0,4475.4
Kerala,Idukki,0.0,417.5,1822.25
Kerala,Ernakulam,0.0,998.6666666666666,5714.833333333333
Kerala,Alappuzha,0.0,857.0,2996.25
Karnataka,Yadgir,0.0,1367.2,3049.8
Karnataka,Vijayapura,0.0,1100.8,3676.2
Karnataka,Vijayanagara,0.0,515.75,293.25
Karnataka,Uttara Kannada,0.0,860.0,2309.5
Karnataka,Udupi *,0.0,2.0,0.0
Karnataka,Udupi,0.0,887.0,1918.0
Karnataka,Tumkur,0.0,735.5,1962.0
Karnataka,Tumakuru,0.0,738.25,2500.75
Madhya Pradesh,Balaghat,0.0,1355.4,7326.8
Madhya Pradesh,Ashoknagar,0.0,1458.5,0.0
Madhya Pradesh,Ashok Nagar,0.0,835.1666666666666,4092.1666666666665
Madhya Pradesh,Anuppur,0.0,803.25,1690.0
Madhya Pradesh,Alirajpur,0.0,830.125,3995.375
Madhya Pradesh,Agar Malwa,0.0,627.0,357.75
Lakshadweep,Lakshadweep,0.0,50.5,238.25
Ladakh,Leh,0.0,28.5,133.25
Ladakh,Kargil,0.0,121.25,229.25
Kerala,Wayanad,0.0,374.5,969.5
Kerala,Thrissur,0.0,1317.2,5115.8
Kerala,Thiruvananthapuram,0.0,1038.3333333333333,5763.0
Kerala,Pathanamthitta,0.0,469.5,1819.5
Kerala,Palakkad,0.0,1638.75,4309.5
Kerala,Malappuram,0.0,2864.2,9866.4
Kerala,Kozhikode,0.0,1625.25,5846.5
Madhya Pradesh,Harda,0.0,529.0,1130.25
Madhya Pradesh,Gwalior,0.0,1968.0,7754.444444444444
Madhya Pradesh,Guna,0.0,1624.1666666666667,7068.5
Madhya Pradesh,East Nimar,0.0,767.6,978.0
Madhya Pradesh,Dindori,0.0,664.5,2008.5
Madhya Pradesh,Dhar,0.0,1755.2857142857142,7861.285714285715
Madhya Pradesh,Dewas,0.0,1478.7142857142858,6118.857142857143
Madhya Pradesh,Datia,0.0,966.6666666666666,2703.0
Madhya Pradesh,Damoh,0.0,1504.75,3474.5
Madhya Pradesh,Chhindwara,0.0,2233.25,5666.0
Madhya Pradesh,Chhatarpur,0.0,2183.625,9975.5
Madhya Pradesh,Burhanpur,0.0,1162.625,3964.75
Madhya Pradesh,Bhopal,0.0,1815.4285714285713,9539.0
Madhya Pradesh,Bhind,0.0,1480.888888888889,5715.444444444444
Madhya Pradesh,Betul,0.0,1339.3333333333333,7773.666666666667
Madhya Pradesh,Barwani,0.0,2644.5,8776.375
Madhya Pradesh,Narsinghpur,0.0,1016.4,4204.0
Madhya Pradesh,Narsimhapur,0.0,297.25,328.25
Madhya Pradesh,Narmadapuram,0.0,177.0,95.0
Madhya Pradesh,Morena,0.0,2713.875,10069.25
Madhya Pradesh,Mauganj,0.0,109.25,11.5
Madhya Pradesh,Mandsaur,0.0,2063.0,2601.25
Madhya Pradesh,Mandla,0.0,1226.5,2058.75
Madhya Pradesh,Maihar,0.0,99.5,25.5
Madhya Pradesh,Khargone,0.0,1816.625,9076.0
Madhya Pradesh,Khandwa,0.0,634.1428571428571,3851.285714285714
Madhya Pradesh,Katni,0.0,1352.875,5973.0
Madhya Pradesh,Jhabua,0.0,1644.5,6023.875
Madhya Pradesh,Jabalpur,0.0,2061.0,9394.0
Madhya Pradesh,Indore,0.0,2711.75,12205.25
Madhya Pradesh,Hoshangabad,0.0,1194.0,3582.0
Madhya Pradesh,Harda *,0.0,152.5,189.5
Madhya Pradesh,Shivpuri,0.0,1713.4285714285713,9792.714285714286
Madhya Pradesh,Sheopur,0.0,1013.0,3455.5714285714284
Madhya Pradesh,Shajapur,0.0,1751.75,3129.0
Madhya Pradesh,Shahdol,0.0,1309.5,3317.5
Madhya Pradesh,Seoni,0.0,1517.75,2836.25
Madhya Pradesh,Sehore,0.0,1292.6,4747.6
Madhya Pradesh,Satna,0.0,2190.6666666666665,10157.5
Madhya Pradesh,Sagar,0.0,1922.0,12597.142857142857
Madhya Pradesh,Rewa,0.0,2702.25,6788.5
Madhya Pradesh,Ratlam,0.0,1976.25,8960.0
Madhya Pradesh,Rajgarh,0.0,2034.0,4076.5
Madhya Pradesh,Raisen,0.0,1489.0,5487.6
Madhya Pradesh,Panna,0.0,1315.857142857143,5699.857142857143
Madhya Pradesh,Pandhurna,0.0,17.5,15.25
Madhya Pradesh,Niwari,0.0,33.25,74.5
Madhya Pradesh,Neemuch,0.0,1236.75,2338.5
Maharashtra,Bhandara,0.0,474.25,4550.0
Maharashtra,Beed,0.0,1239.375,13237.5
Maharashtra,Aurangabad,0.0,2464.0,12911.285714285714
Maharashtra,Amravati,0.0,1134.6666666666667,12983.833333333334
Maharashtra,Akola,0.0,931.8,6800.0
Maharashtra,Ahmednagar,0.0,340.0,0.0
Maharashtra,Ahmed Nagar,0.0,85.0,354.25
Maharashtra,Ahmadnagar,0.0,2341.4,23600.2
Maharashtra,Ahilyanagar,0.0,13.0,1.0
Madhya Pradesh,West Nimar,0.0,188.5,173.25
Madhya Pradesh,Vidisha,0.0,1457.7142857142858,7309.142857142857
Madhya Pradesh,Umaria,0.0,1316.5,1846.0
Madhya Pradesh,Ujjain,0.0,3553.25,9127.25
Madhya Pradesh,Tikamgarh,0.0,1803.25,3995.0
Madhya Pradesh,Singrauli,0.0,1632.0,3363.5
Madhya Pradesh,Sidhi,0.0,1569.25,2880.0
Maharashtra,Jalna,0.0,1392.75,9288.0
Maharashtra,Jalgaon,0.0,1861.857142857143,17473.0
Maharashtra,Hingoli *,0.0,1.0,0.0
Maharashtra,Hingoli,0.0,977.0,5436.375
Maharashtra,Gondiya *,0.0,14.25,16.75
Maharashtra,Gondiya,0.0,721.0,4491.5
Maharashtra,Gondia,0.0,7.25,6.5
Maharashtra,Gadchiroli,0.0,588.0,5080.25
Maharashtra,Dhule,0.0,1726.5714285714287,8743.57142857143
Maharashtra,Dharashiv,0.0,29.25,17.0
Maharashtra,Chhatrapati Sambhajinagar,0.0,194.0,65.75
Maharashtra,Chatrapati Sambhaji Nagar,0.0,48.75,39.75
Maharashtra,Chandrapur,0.0,627.0,7455.714285714285
Maharashtra,Buldhana,0.0,1157.0,11213.5
Maharashtra,Buldana,0.0,268.75,561.75
Maharashtra,Bid,0.0,142.0,108.75
Maharashtra,Raigad,0.0,554.6666666666666,539.0
Maharashtra,Pune,0.0,3828.0,32491.75
Maharashtra,Parbhani,0.0,867.5714285714286,8511.857142857143
Maharashtra,Palghar,0.0,1316.75,10488.5
Maharashtra,Osmanabad,0.0,803.2,7243.2
Maharashtra,Nashik,0.0,3677.3333333333335,26399.833333333332
Maharashtra,Nandurbar *,0.0,34.75,4.0
Maharashtra,Nandurbar,0.0,1468.4285714285713,7475.428571428572
Maharashtra,Nanded,0.0,1451.375,13742.125
Maharashtra,Nagpur,0.0,1656.4285714285713,12670.857142857143
Maharashtra,Mumbai( Sub Urban ),0.0,104.75,102.25
Maharashtra,Mumbai Suburban,0.0,2489.4285714285716,11935.42857142857
Maharashtra,Mumbai City,0.0,690.75,3958.25
Maharashtra,Mumbai,0.0,2895.0,14915.6
Maharashtra,Latur,0.0,1065.5714285714287,8139.285714285715
Maharashtra,Kolhapur,0.0,1852.0,14540.75
Manipur,Imphal East,0.0,280.75,4242.75
Manipur,Churachandpur,0.0,647.1428571428571,1428.4285714285713
Manipur,Chandel,0.0,188.5,641.5
Manipur,Bishnupur,0.0,215.0,2326.0
Maharashtra,Yavatmal,0.0,1232.1666666666667,11025.666666666666
Maharashtra,Washim *,0.0,8.0,15.0
Maharashtra,Washim,0.0,556.8333333333334,5614.166666666667
Maharashtra,Wardha,0.0,487.0,5937.5
Maharashtra,Thane,0.0,4746.777777777777,22544.0
Maharashtra,Solapur,0.0,1718.857142857143,18230.14285714286
Maharashtra,Sindhudurg,0.0,295.0,3393.25
Maharashtra,Satara,0.0,733.125,11947.625
Maharashtra,Sangli,0.0,1071.2857142857142,11166.142857142857
Maharashtra,Ratnagiri,0.0,642.75,9078.75
Maharashtra,Raigarh(Mh),0.0,22.0,6.0
Maharashtra,Raigarh,0.0,1307.25,10005.75
Meghalaya,Ri Bhoi,0.0,659.5555555555555,316.3333333333333
Meghalaya,North Garo Hills,0.0,330.14285714285717,98.0
Meghalaya,Kamrup,0.0,84.0,0.0
Meghalaya,Jaintia Hills,0.0,4.0,1.0
Meghalaya,Eastern West Khasi Hills,0.0,57.25,0.5
Meghalaya,East Khasi Hills,0.0,2096.0,998.0
Meghalaya,East Jaintia Hills,0.0,417.125,238.25
Meghalaya,East Garo Hills,0.0,547.25,112.5
Manipur,Ukhrul,0.0,191.75,746.5
Manipur,Thoubal,0.0,265.25,4338.5
Manipur,Tamenglong,0.0,232.75,591.25
Manipur,Senapati,0.0,371.25,1491.25
Manipur,Pherzawl,0.0,2.75,0.5
Manipur,Kakching,0.0,27.0,157.25
Manipur,Jiribam,0.0,36.0,44.0
Manipur,Imphal West,0.0,240.8,4332.6
Mizoram,Saiha,0.0,92.5,148.33333333333334
Mizoram,Mammit,0.0,19.75,49.0
Mizoram,Mamit,0.0,42.0,240.5
Mizoram,Lunglei,0.0,109.5,487.3333333333333
Mizoram,Lawngtlai,0.0,220.71428571428572,590.0
Mizoram,Kolasib,0.0,48.0,295.2
Mizoram,Khawzawl,0.0,3.0,1.5
Mizoram,Hnahthial,0.0,1.0,1.5
Mizoram,Champhai,0.0,153.42857142857142,667.4285714285714
Mizoram,Aizawl,0.0,249.5,1689.0
Meghalaya,West Khasi Hills,0.0,1176.4444444444443,369.55555555555554
Meghalaya,West Jaintia Hills,0.0,890.8888888888889,478.0
Meghalaya,West Garo Hills,0.0,1416.875,919.75
Meghalaya,South West Khasi Hills,0.0,291.5,215.75
Meghalaya,South West Garo Hills,0.0,509.125,290.75
Meghalaya,South Garo Hills,0.0,374.375,67.5
Nagaland,Tseminyu,0.0,5.5,5.25
Nagaland,Shamator,0.0,56.0,4.5
Nagaland,Phek,0.0,200.8,216.0
Nagaland,Peren,0.0,169.25,195.375
Nagaland,Noklak,0.0,63.2,26.2
Nagaland,Niuland,0.0,7.25,14.5
Nagaland,Mon,0.0,342.0,615.5
Nagaland,Mokokchung,0.0,89.4,287.6
Nagaland,Meluri,0.0,5.0,37.333333333333336
Nagaland,Longleng,0.0,140.16666666666666,73.83333333333333
Nagaland,Kohima,0.0,252.33333333333334,409.5
Nagaland,Kiphire,0.0,171.2,168.8
Nagaland,Dimapur,0.0,365.0,1024.5
Nagaland,Chumukedima,0.0,26.8,27.0
Mizoram,Serchhip,0.0,24.0,158.25
Mizoram,Saitual,0.0,1.25,3.5
Odisha,Dhenkanal,0.0,720.75,4137.5
Odisha,Debagarh,0.0,217.75,1026.0
Odisha,Cuttack,0.0,1266.25,6682.0
Odisha,Boudh,0.0,355.5,1710.0
Odisha,Bhadrak,0.0,1126.5,5439.25
Odisha,Baudh,0.0,42.75,142.0
Odisha,Bargarh,0.0,1286.75,5184.5
Odisha,Baleswar,0.0,1502.75,7704.5
Odisha,Baleshwar,0.0,211.25,669.25
Odisha,Balangir,0.0,1294.5,4788.25
Odisha,Anugul,0.0,39.0,66.25
Odisha,Anugal,0.0,1.5,0.0
Odisha,Angul,0.0,749.0,3818.25
Nagaland,Zunheboto,0.0,142.8,193.8
Nagaland,Wokha,0.0,105.6,224.2
Nagaland,Tuensang,0.0,249.16666666666666,311.5
Odisha,Mayurbhanj,0.0,2021.75,8138.5
Odisha,Malkangiri,0.0,704.75,2384.0
Odisha,Koraput,0.0,1084.25,4162.5
Odisha,Khordha,0.0,96.6,253.6
Odisha,Khorda,0.0,1037.5,5279.25
Odisha,Kendujhar,0.0,1340.5,4876.25
Odisha,Kendrapara,0.0,978.5,4799.25
Odisha,Kandhamal,0.0,760.25,3190.5
Odisha,Kalahandi,0.0,1105.25,4384.25
Odisha,Jharsuguda,0.0,289.25,1717.75
Odisha,Jajpur,0.0,614.5,2152.5
Odisha,Jajapur,0.0,623.75,2661.75
Odisha,Jagatsinghpur,0.0,173.5,470.75
Odisha,Jagatsinghapur,0.0,781.25,3722.0
Odisha,Ganjam,0.0,1926.25,10275.75
Odisha,Gajapati,0.0,494.0,3468.25
Orissa,Bargarh,0.0,22.25,44.75
Orissa,Baleswar,0.0,1.5,2.0
Orissa,Baleshwar,0.0,96.0,157.75
Orissa,Balangir,0.0,109.0,244.75
Orissa,Anugul,0.0,12.75,14.25
Odisha,Sundergarh,0.0,995.25,4192.75
Odisha,Sundargarh,0.0,147.75,278.75
Odisha,Subarnapur,0.0,99.75,190.0
Odisha,Sonapur,0.0,371.75,1781.0
Odisha,Sambalpur,0.0,637.75,2891.5
Odisha,Rayagada,0.0,760.5,2919.25
Odisha,Puri,0.0,876.75,4499.0
Odisha,Nuapada,0.0,529.5,2827.5
Odisha,Nayagarh,0.0,587.75,3290.0
Odisha,Nabarangpur,0.0,430.0,0.0
Odisha,Nabarangapur,0.0,1232.8,4384.0
Orissa,Khorda,0.0,1.0,1.0
Orissa,Kendujhar,0.0,12.25,10.0
Orissa,Kendrapara *,0.0,1.0,0.0
Orissa,Kendrapara,0.0,13.25,11.75
Orissa,Kandhamal,0.0,8.0,9.75
Orissa,Kalahandi,0.0,3.6666666666666665,1.0
Orissa,Jharsuguda,0.0,6.25,5.0
Orissa,Jajapur,0.0,27.75,19.25
Orissa,Jagatsinghapur,0.0,8.75,14.25
Orissa,Ganjam,0.0,100.5,217.0
Orissa,Gajapati,0.0,2.6666666666666665,2.3333333333333335
Orissa,Dhenkanal,0.0,31.5,53.25
Orissa,Debagarh,0.0,1.75,0.5
Orissa,Cuttack,0.0,80.5,118.5
Orissa,Bhadrak,0.0,92.75,172.75
Orissa,Baudh,0.0,1.3333333333333333,0.0
Pondicherry,Pondicherry,0.0,271.0,716.25
Pondicherry,Karaikal,0.0,40.5,37.5
Orissa,Sundergarh,0.0,1.0,0.0
Orissa,Sundargarh,0.0,34.75,30.25
Orissa,Subarnapur,0.0,2.0,3.3333333333333335
Orissa,Sonapur,0.0,5.5,4.5
Orissa,Sambalpur,0.0,6.25,5.5
Orissa,Rayagada,0.0,45.25,19.0
Orissa,Puri,0.0,55.0,118.5
Orissa,Nuapada,0.0,1.0,0.0
Orissa,Nayagarh,0.0,26.0,75.25
Orissa,Nabarangapur,0.0,1.5,0.0
Orissa,Mayurbhanj,0.0,8.0,3.0
Orissa,Malkangiri,0.0,11.75,9.25
Orissa,Koraput,0.0,29.75,29.0
Orissa,Khordha,0.0,181.5,220.0
Punjab,Jalandhar,0.0,1011.5,4806.25
Punjab,Hoshiarpur,0.0,489.5,3794.375
Punjab,Gurdaspur,0.0,713.4285714285714,4193.142857142857
Punjab,Firozpur,0.0,98.75,257.75
Punjab,Ferozepur,0.0,344.0,2571.75
Punjab,Fazilka,0.0,475.25,2924.0
Punjab,Fatehgarh Sahib,0.0,258.75,2026.25
Punjab,Faridkot,0.0,223.0,1572.75
Punjab,Bathinda,0.0,671.5,4673.0
Punjab,Barnala,0.0,251.25,2002.25
Punjab,Amritsar,0.0,1176.0,6249.625
Puducherry,Yanam,0.0,2.3333333333333335,13.666666666666666
Puducherry,Puducherry,0.0,324.5,2391.0
Puducherry,Pondicherry,0.0,1.0,2.0
Puducherry,Karaikal,0.0,98.25,864.25
Pondicherry,Yanam,0.0,6.5,1.25
Punjab,Sri Muktsar Sahib,0.0,326.75,2461.75
Punjab,Shaheed Bhagat Singh Nagar,0.0,225.5,1477.25
Punjab,Sas Nagar (Mohali),0.0,578.2,2437.8
Punjab,Sangrur,0.0,458.0,4012.6
Punjab,S.A.S Nagar(Mohali),0.0,69.25,38.0
Punjab,S.A.S Nagar,0.0,328.5,0.0
Punjab,Rupnagar,0.0,308.25,1599.75
Punjab,Patiala,0.0,844.5,5861.0
Punjab,Pathankot,0.0,275.0,1376.5
Punjab,Nawanshahr,0.0,48.0,42.25
Punjab,Muktsar,0.0,83.5,119.75
Punjab,Moga,0.0,373.5,2049.0
Punjab,Mansa,0.0,276.25,2434.5
Punjab,Malerkotla,0.0,214.25,545.0
Punjab,Ludhiana,0.0,1864.6666666666667,9054.555555555555
Punjab,Kapurthala,0.0,314.125,2008.875
Rajasthan,Dausa,0.0,1521.0,7561.0
Rajasthan,Churu,0.0,1802.857142857143,8254.57142857143
Rajasthan,Chittorgarh,0.0,1171.6,4865.8
Rajasthan,Chittaurgarh,0.0,89.0,99.75
Rajasthan,Bundi,0.0,791.3333333333334,4165.333333333333
Rajasthan,Bikaner,0.0,1635.5,7063.875
Rajasthan,Bhilwara,0.0,1816.6666666666667,8685.166666666666
Rajasthan,Bharatpur,0.0,2813.1666666666665,10168.833333333334
Rajasthan,Beawar,0.0,1.0,2.0
Rajasthan,Barmer,0.0,3151.0,13924.2
Rajasthan,Baran,0.0,1031.6666666666667,5347.0
Rajasthan,Banswara,0.0,1808.25,7068.5
Rajasthan,Balotra,0.0,1.0,0.0
Rajasthan,Alwar,0.0,2884.75,14303.5
Rajasthan,Ajmer,0.0,1997.8333333333333,10083.666666666666
Punjab,Tarn Taran,0.0,583.8,2672.2
Rajasthan,Karauli,0.0,1421.1666666666667,6155.833333333333
Rajasthan,Jodhpur,0.0,2660.875,12955.375
Rajasthan,Jhunjhunun,0.0,1881.25,6532.5
Rajasthan,Jhunjhunu,0.0,77.75,114.25
Rajasthan,Jhalawar,0.0,1396.0,5601.6
Rajasthan,Jalore,0.0,160.33333333333334,1.0
Rajasthan,Jalor,0.0,2751.4,6509.2
Rajasthan,Jaisalmer,0.0,560.6,2924.4
Rajasthan,Jaipur,0.0,4344.571428571428,18374.714285714286
Rajasthan,Hanumangarh,0.0,979.8,5892.4
Rajasthan,Ganganagar,0.0,1365.5,6058.75
Rajasthan,Dungarpur,0.0,1303.6,6454.0
Rajasthan,Didwana-Kuchaman,0.0,2.0,1.0
Rajasthan,Dholpur,0.0,1405.0,6103.666666666667
Rajasthan,Dhaulpur,0.0,34.75,24.0
Rajasthan,Deeg,0.0,14.25,1.75
Sikkim,North,0.0,11.0,28.25
Sikkim,Namchi,0.0,2.5,0.0
Sikkim,Mangan,0.0,0.6666666666666666,0.0
Sikkim,East Sikkim,0.0,80.0,281.5
Sikkim,East,0.0,92.0,203.25
Rajasthan,Udaipur,0.0,2452.3333333333335,11997.0
Rajasthan,Tonk,0.0,1170.8,5890.4
Rajasthan,Sirohi,0.0,1294.125,4184.25
Rajasthan,Sikar,0.0,1603.4285714285713,8471.714285714286
Rajasthan,Sawai Madhopur,0.0,1331.6,5862.0
Rajasthan,Salumbar,0.0,1.0,0.0
Rajasthan,Rajsamand,0.0,1120.75,4355.25
Rajasthan,Pratapgarh,0.0,944.0,3748.25
Rajasthan,Pali,0.0,1799.2,7685.0
Rajasthan,Nagaur,0.0,2437.0,12746.857142857143
Rajasthan,Kota,0.0,1484.2,4871.6
Tamil Nadu,Kanchipuram,0.0,91.5,0.25
Tamil Nadu,Kancheepuram,0.0,2596.6,14830.6
Tamil Nadu,Kallakurichi,0.0,205.2,295.4
Tamil Nadu,Erode,0.0,1502.25,8854.75
Tamil Nadu,Dindigul,0.0,1517.75,6803.5
Tamil Nadu,Dharmapuri,0.0,1422.75,8117.0
Tamil Nadu,Cuddalore,0.0,1717.2,10456.2
Tamil Nadu,Coimbatore,0.0,1788.6,7823.2
Tamil Nadu,Chennai,0.0,1969.0,14644.8
Tamil Nadu,Chengalpattu,0.0,236.2,595.4
Tamil Nadu,Ariyalur,0.0,583.0,3432.0
Sikkim,West Sikkim,0.0,77.0,198.16666666666666
Sikkim,West,0.0,50.75,49.0
Sikkim,South Sikkim,0.0,72.33333333333333,120.5
Sikkim,South,0.0,49.0,57.5
Sikkim,North Sikkim,0.0,15.5,97.25
Tamil Nadu,Tenkasi,0.0,317.0,1416.75
Tamil Nadu,Sivaganga,0.0,885.0,5128.0
Tamil Nadu,Salem,0.0,2005.0,11650.6
Tamil Nadu,Ranipet,0.0,27.5,92.5
Tamil Nadu,Ramanathapuram,0.0,792.4,5014.0
Tamil Nadu,Pudukkottai,0.0,1401.8,6106.8
Tamil Nadu,Perambalur,0.0,532.5,2264.0
Tamil Nadu,Namakkal   *,0.0,1.0,0.0
Tamil Nadu,Namakkal,0.0,1215.75,6362.25
Tamil Nadu,Nagapattinam,0.0,1011.75,3738.75
Tamil Nadu,Mayiladuthurai,0.0,125.25,562.0
Tamil Nadu,Madurai,0.0,1649.8333333333333,11291.166666666666
Tamil Nadu,Krishnagiri,0.0,1266.75,9414.5
Tamil Nadu,Karur,0.0,1004.0,3146.0
Tamil Nadu,Kanyakumari,0.0,497.0,3358.75
Tamil Nadu,Kanniyakumari,0.0,568.5,4049.25
Tamil Nadu,Vellore,0.0,1916.0,11345.8
Tamil Nadu,Tuticorin,0.0,1.0,0.0
Tamil Nadu,Tiruvarur,0.0,1.0,0.0
Tamil Nadu,Tiruvannamalai,0.0,1808.25,7514.75
Tamil Nadu,Tiruvallur,0.0,2844.25,15944.75
Tamil Nadu,Tiruppur,0.0,1546.75,8711.25
Tamil Nadu,Tirupattur,0.0,261.5,1283.5
Tamil Nadu,Tirupathur,0.0,4.0,3.0
Tamil Nadu,Tirunelveli,0.0,2418.25,13742.75
Tamil Nadu,Tiruchirappalli,0.0,2481.75,8318.25
Tamil Nadu,Thoothukkudi,0.0,1329.0,9580.5
Tamil Nadu,Thiruvarur,0.0,1040.5,4970.75
Tamil Nadu,Thiruvallur,0.0,119.0,101.0
Tamil Nadu,Theni,0.0,867.75,4249.0
Tamil Nadu,The Nilgiris,0.0,427.25,2751.0
Tamil Nadu,Thanjavur,0.0,1470.4,8516.4
Telangana,Khammam,0.0,969.75,6258.0
Telangana,Karimnagar,0.0,1450.25,7670.25
Telangana,Kamareddy,0.0,501.5,1243.0
Telangana,K.V. Rangareddy,0.0,3449.0,14269.6
Telangana,Jogulamba Gadwal,0.0,460.5,809.25
Telangana,Jayashankar Bhupalpally,0.0,210.75,300.25
Telangana,Jangoan,0.0,255.5,750.5
Telangana,Jangaon,0.0,20.25,32.0
Telangana,Jagitial,0.0,396.5,1004.0
Telangana,Hyderabad,0.0,3165.125,15385.75
Telangana,Hanumakonda,0.0,256.25,210.75
Telangana,Bhadradri Kothagudem,0.0,634.4,1799.2
Telangana,Adilabad,0.0,746.0,6110.25
Tamil Nadu,Virudhunagar,0.0,1349.0,8305.75
Tamil Nadu,Viluppuram,0.0,1280.5,1990.5
Tamil Nadu,Villupuram,0.0,1692.25,10028.0
Telangana,Peddapalli,0.0,146.25,339.75
Telangana,Nizamabad,0.0,1642.0,8264.75
Telangana,Nirmal,0.0,349.5,1042.25
Telangana,Narayanpet,0.0,326.5,388.0
Telangana,Nalgonda,0.0,1662.75,9461.25
Telangana,Nagarkurnool,0.0,339.75,1137.25
Telangana,Mulugu,0.0,233.25,300.0
Telangana,Medchal−Malkajgiri,0.0,133.25,866.5
Telangana,Medchal?Malkajgiri,0.0,1.0,1.5
Telangana,Medchal-Malkajgiri,0.0,792.8,1725.8
Telangana,Medchal Malkajgiri,0.0,337.0,0.0
Telangana,Medak,0.0,1884.25,8933.5
Telangana,Mancherial,0.0,273.25,1222.0
Telangana,Mahabubnagar,0.0,2538.0,11976.0
Telangana,Mahabubabad,0.0,375.5,950.5
Telangana,Komaram Bheem,0.0,276.5,764.25
Tripura,Dhalai  *,0.0,8.0,15.25
Tripura,Dhalai,0.0,276.8,1536.6
The Dadra And Nagar Haveli And Daman And Diu,Dadra And Nagar Haveli,0.0,344.5,0.0
Telangana,Yadadri.,0.0,396.25,1116.5
Telangana,Warangal Urban,0.0,164.25,656.5
Telangana,Warangal Rural,0.0,182.5,605.0
Telangana,Warangal (Urban),0.0,2.3333333333333335,0.6666666666666666
Telangana,Warangal,0.0,738.0,6498.0
Telangana,Wanaparthy,0.0,416.75,598.25
Telangana,Vikarabad,0.0,647.75,1201.0
Telangana,Suryapet,0.0,510.0,1192.0
Telangana,Siddipet,0.0,468.75,1963.25
Telangana,Sangareddy,0.0,673.0,2264.25
Telangana,Rangareddy,0.0,74.5,108.0
Telangana,Ranga Reddy,0.0,274.0,0.0
Telangana,Rajanna Sircilla,0.0,221.25,681.75
Uttar Pradesh,Azamgarh,0.0,2899.1428571428573,10890.42857142857
Uttar Pradesh,Ayodhya,0.0,276.8333333333333,441.0
Uttar Pradesh,Auraiya,0.0,929.0,3815.0
Uttar Pradesh,Amroha,0.0,1346.8333333333333,6972.0
Uttar Pradesh,Amethi,0.0,1785.25,5894.25
Uttar Pradesh,Ambedkar Nagar,0.0,1590.4,6268.2
Uttar Pradesh,Allahabad,0.0,3300.0,14904.75
Uttar Pradesh,Aligarh,0.0,2845.1111111111113,16017.777777777777
Uttar Pradesh,Agra,0.0,3222.777777777778,16923.11111111111
Tripura,West Tripura,0.0,545.4,3557.2
Tripura,Unakoti,0.0,122.4,1183.4
Tripura,South Tripura,0.0,538.0,1894.75
Tripura,Sepahijala,0.0,339.6,971.4
Tripura,North Tripura,0.0,292.4,2108.2
Tripura,Khowai,0.0,73.75,533.0
Tripura,Gomati,0.0,133.6,995.0
Uttar Pradesh,Chandauli,0.0,1173.875,6535.25
Uttar Pradesh,Bulandshahr,0.0,2084.5,14506.625
Uttar Pradesh,Bulandshahar,0.0,46.25,15.25
Uttar Pradesh,Budaun,0.0,1897.5,8550.0
Uttar Pradesh,Bijnor,0.0,3355.6,13428.2
Uttar Pradesh,Bhadohi,0.0,135.5,409.0
Uttar Pradesh,Basti,0.0,2007.8,7879.6
Uttar Pradesh,Bareilly,0.0,3400.5,18239.625
Uttar Pradesh,Barabanki,0.0,464.6,110.6
Uttar Pradesh,Bara Banki,0.0,1798.8,12315.8
Uttar Pradesh,Banda,0.0,1154.2222222222222,6488.444444444444
Uttar Pradesh,Balrampur,0.0,1726.857142857143,7358.571428571428
Uttar Pradesh,Ballia,0.0,2484.75,8574.25
Uttar Pradesh,Bahraich,0.0,4114.888888888889,14572.111111111111
Uttar Pradesh,Bagpat,0.0,1.0,0.0
Uttar Pradesh,Baghpat,0.0,955.0,4011.5714285714284
Uttar Pradesh,Hardoi,0.0,4146.833333333333,15166.0
Uttar Pradesh,Hapur,0.0,1203.5,4276.333333333333
Uttar Pradesh,Hamirpur,0.0,859.5,3747.0
Uttar Pradesh,Gorakhpur,0.0,2171.5555555555557,9042.888888888889
Uttar Pradesh,Gonda,0.0,2489.8333333333335,11297.833333333334
Uttar Pradesh,Ghazipur,0.0,2804.25,8871.75
Uttar Pradesh,Ghaziabad,0.0,2834.625,11092.875
Uttar Pradesh,Gautam Buddha Nagar,0.0,2035.5555555555557,5457.0
Uttar Pradesh,Firozabad,0.0,1739.4285714285713,7727.142857142857
Uttar Pradesh,Fatehpur,0.0,1513.5,7932.375
Uttar Pradesh,Farrukhabad,0.0,1157.6,5886.2
Uttar Pradesh,Faizabad,0.0,1730.75,6406.0
Uttar Pradesh,Etawah,0.0,1173.0,5899.333333333333
Uttar Pradesh,Etah,0.0,1586.4285714285713,7334.142857142857
Uttar Pradesh,Deoria,0.0,1690.5,9028.833333333334
Uttar Pradesh,Chitrakoot,0.0,1346.75,4257.0
Uttar Pradesh,Lucknow,0.0,2784.4444444444443,13759.777777777777
Uttar Pradesh,Lalitpur,0.0,936.2,4396.8
Uttar Pradesh,Kushinagar *,0.0,1.5,5.75
Uttar Pradesh,Kushinagar,0.0,2116.2,8703.0
Uttar Pradesh,Kushi Nagar,0.0,1556.0,0.0
Uttar Pradesh,Kheri,0.0,3015.375,14961.625
Uttar Pradesh,Kaushambi,0.0,1232.3333333333333,8127.333333333333
Uttar Pradesh,Kasganj,0.0,1236.6,5638.2
Uttar Pradesh,Kanpur Nagar,0.0,2670.3333333333335,10313.666666666666
Uttar Pradesh,Kanpur Dehat,0.0,1305.6666666666667,5958.333333333333
Uttar Pradesh,Kannauj,0.0,1307.6,5362.6
Uttar Pradesh,Jyotiba Phule Nagar,0.0,21.0,5.0
Uttar Pradesh,Jhansi,0.0,1417.8,7999.4
Uttar Pradesh,Jaunpur,0.0,2233.8571428571427,12852.857142857143
Uttar Pradesh,Jalaun,0.0,905.3333333333334,4541.5
Uttar Pradesh,Hathras,0.0,1068.5,5771.5
Uttar Pradesh,Rampur,0.0,2476.0,8917.0
Uttar Pradesh,Raebareli,0.0,1.5,0.5
Uttar Pradesh,Rae Bareli,0.0,2421.75,8622.75
Uttar Pradesh,Prayagraj,0.0,447.1666666666667,1207.8333333333333
Uttar Pradesh,Pratapgarh,0.0,2563.0,7990.75
Uttar Pradesh,Pilibhit,0.0,1677.75,10320.25
Uttar Pradesh,Muzaffarnagar,0.0,1970.8333333333333,12672.166666666666
Uttar Pradesh,Moradabad,0.0,2665.875,11047.875
Uttar Pradesh,Mirzapur,0.0,1909.25,7227.5
Uttar Pradesh,Meerut,0.0,2971.875,11422.625
Uttar Pradesh,Mau,0.0,1883.0,4924.0
Uttar Pradesh,Mathura,0.0,1659.5714285714287,8561.57142857143
Uttar Pradesh,Mainpuri,0.0,1648.4285714285713,5304.142857142857
Uttar Pradesh,Mahrajganj,0.0,4.75,2.75
Uttar Pradesh,Mahoba,0.0,752.0,3329.75
Uttar Pradesh,Maharajganj,0.0,1933.0,6539.444444444444
Uttar Pradesh,Varanasi,0.0,2860.375,11616.875
Uttar Pradesh,Unnao,0.0,2086.777777777778,10317.333333333334
Uttar Pradesh,Sultanpur,0.0,1412.75,6711.5
Uttar Pradesh,Sonbhadra,0.0,1255.25,5935.0
Uttar Pradesh,Sitapur,0.0,3763.25,21515.0
Uttar Pradesh,Siddharthnagar,0.0,2269.0,7184.666666666667
Uttar Pradesh,Siddharth Nagar,0.0,2094.5,0.0
Uttar Pradesh,Shrawasti,0.0,827.8333333333334,3745.0
Uttar Pradesh,Shravasti,0.0,1218.5,0.0
Uttar Pradesh,Shamli,0.0,1628.6,7472.8
Uttar Pradesh,Shahjahanpur,0.0,2980.5,12097.875
Uttar Pradesh,Sant Ravidas Nagar Bhadohi,0.0,21.0,11.75
Uttar Pradesh,Sant Ravidas Nagar,0.0,1104.0,4805.25
Uttar Pradesh,Sant Kabir Nagar,0.0,1533.0,6222.5
Uttar Pradesh,Sambhal,0.0,1712.0,8643.8
Uttar Pradesh,Saharanpur,0.0,2383.375,12842.75
West  Bengal,Hooghly,0.0,5.0,1.3333333333333333
Uttarakhand,Uttarkashi,0.0,281.75,2128.0
Uttarakhand,Udham Singh Nagar,0.0,1519.25,15724.25
Uttarakhand,Tehri Garhwal,0.0,692.0,4465.75
Uttarakhand,Rudraprayag,0.0,239.0,1832.25
Uttarakhand,Pithoragarh,0.0,302.75,2314.0
Uttarakhand,Pauri Garhwal,0.0,460.5,4130.5
Uttarakhand,Nainital,0.0,645.8333333333334,5018.833333333333
Uttarakhand,Haridwar,0.0,983.8333333333334,12306.333333333334
Uttarakhand,Hardwar,0.0,36.5,49.0
Uttarakhand,Garhwal,0.0,14.0,7.5
Uttarakhand,Dehradun,0.0,1039.0,7307.666666666667
Uttarakhand,Champawat,0.0,216.25,1714.5
Uttarakhand,Chamoli,0.0,270.75,1904.75
Uttarakhand,Bageshwar,0.0,185.0,1067.25
Uttarakhand,Almora,0.0,339.75,2391.0
West Bengal,Dinajpur Dakshin,0.0,963.0,0.0
West Bengal,Darjiling,0.0,181.0,54.25
West Bengal,Darjeeling,0.0,818.25,1518.625
West Bengal,Dakshin Dinajpur,0.0,1285.4,1841.2
West Bengal,Coochbehar,0.0,1409.0,0.0
West Bengal,Cooch Behar,0.0,1747.0,2066.5
West Bengal,Burdwan,0.0,2.0,0.0
West Bengal,Birbhum,0.0,2200.285714285714,5572.428571428572
West Bengal,Bardhaman,0.0,443.25,297.5
West Bengal,Barddhaman,0.0,3955.5,7296.25
West Bengal,Bankura,0.0,2801.25,5119.0
West Bengal,Alipurduar,0.0,404.375,418.125
West Bengal,24 Paraganas South,0.0,468.0,0.0
West Bengal,24 Paraganas North,0.0,2817.5,0.0
West Bangal,Howrah,0.0,2.0,1.5
West Bangal,Hooghly,0.0,1.5,2.5
West Bengal,Maldah,0.0,439.0,371.0
West Bengal,Malda,0.0,2624.3333333333335,3998.8333333333335
West Bengal,Kolkata,0.0,1204.875,3006.25
West Bengal,Koch Bihar,0.0,834.5,259.25
West Bengal,Kalimpong,0.0,60.0,60.0
West Bengal,Jhargram,0.0,182.4,223.6
West Bengal,Jalpaiguri,0.0,1264.5,3598.375
West Bengal,Hugli,0.0,48.5,24.25
West Bengal,Howrah,0.0,2252.8,4932.2
West Bengal,Hooghly,0.0,3000.2,7584.2
West Bengal,Hooghiy,0.0,1.0,0.0
West Bengal,Hawrah,0.0,3.0,1.0
West Bengal,Haora,0.0,715.0,460.25
West Bengal,East Midnapur,0.0,1.0,0.0
West Bengal,East Midnapore,0.0,528.5,563.75
West Bengal,Dinajpur Uttar,0.0,3779.0,0.0
Andhra Pradesh,Mahabubnagar,0.0,2.3333333333333335,11.0
Andhra Pradesh,Mahabub Nagar,0.0,377.75,142.25
Andhra Pradesh,Kurnool,0.0,2936.5,17746.25
Andhra Pradesh,Krishna,0.0,1675.75,12034.75
Andhra Pradesh,Khammam,0.0,283.25,2145.0
Andhra Pradesh,Karimnagar,0.0,164.75,654.0
Andhra Pradesh,Karim Nagar,0.0,20.5,66.25
Andhra Pradesh,Kakinada,0.0,235.5,835.25
Andhra Pradesh,K.V.Rangareddy,0.0,17.25,39.5
Andhra Pradesh,K.V. Rangareddy,0.0,4.75,45.5
Andhra Pradesh,Hyderabad,0.0,1209.75,2843.25
Andhra Pradesh,Guntur,0.0,2423.5,14924.75
Andhra Pradesh,Eluru,0.0,153.25,445.0
Andhra Pradesh,East Godavari,0.0,1917.0,18648.75
Andhra Pradesh,Dr. B. R. Ambedkar Konaseema,0.0,162.0,612.5
Andhra Pradesh,Cuddapah,0.0,1483.0,9495.25
West Bengal,Uttar Dinajpur,0.0,4420.666666666667,3342.3333333333335
West Bengal,West Medinipur,0.0,2.0,0.0
West Bengal,West Midnapore,0.0,546.75,446.75
Westbengal,Hooghly,0.0,1.75,1.75
100000,100000,0.0,0.25,0.0
